{"cameraMode":{"drawMode":0,"name":"Shaded","section":"Shading Mode"},"sceneLighting":true,"audioPlay":false,"sceneViewState":{"showFog":true,"showMaterialUpdate":false,"showSkybox":false,"showFlares":true,"showImageEffects":true,"showParticleSystems":true},"in2DMode":false,"pivot":{"x":-0.7328687906265259,"y":3.6318070888519289,"z":-17.77517318725586},"rotation":{"x":0.19631916284561158,"y":-0.47315576672554018,"z":0.10904105007648468,"w":0.8518787622451782},"size":24.959735870361329,"orthographic":false}