{"cameraMode":{"drawMode":0,"name":"Shaded","section":"Shading Mode"},"sceneLighting":true,"audioPlay":false,"sceneViewState":{"showFog":true,"showMaterialUpdate":false,"showSkybox":false,"showFlares":true,"showImageEffects":true,"showParticleSystems":true},"in2DMode":false,"pivot":{"x":4.907225608825684,"y":1.5805339813232422,"z":-3.4526567459106447},"rotation":{"x":0.09622036665678024,"y":0.6484281420707703,"z":-0.08312880992889404,"w":0.7505971193313599},"size":0.000057235301937907934,"orthographic":false}