{"cameraMode":{"drawMode":0,"name":"Shaded","section":"Shading Mode"},"sceneLighting":false,"audioPlay":false,"sceneViewState":{"showFog":true,"showMaterialUpdate":false,"showSkybox":false,"showFlares":true,"showImageEffects":true,"showParticleSystems":true},"in2DMode":false,"pivot":{"x":18.887855529785158,"y":2.4825072288513185,"z":-18.91809844970703},"rotation":{"x":0.11779146641492844,"y":0.5769085884094238,"z":-0.08453726023435593,"w":0.803840696811676},"size":5.532389163970947,"orthographic":false}