{"cameraMode":{"drawMode":0,"name":"Shaded","section":"Shading Mode"},"sceneLighting":true,"audioPlay":false,"sceneViewState":{"showFog":true,"showMaterialUpdate":false,"showSkybox":false,"showFlares":true,"showImageEffects":true,"showParticleSystems":true},"in2DMode":false,"pivot":{"x":-0.039481401443481448,"y":-0.50406414270401,"z":1.3801522254943848},"rotation":{"x":0.01719513349235058,"y":0.29547250270843508,"z":-0.005319082178175449,"w":0.9551821947097778},"size":1.1418839693069459,"orthographic":true}