{"cameraMode":{"drawMode":0,"name":"Shaded","section":"Shading Mode"},"sceneLighting":true,"audioPlay":false,"sceneViewState":{"showFog":true,"showMaterialUpdate":false,"showSkybox":false,"showFlares":true,"showImageEffects":true,"showParticleSystems":true},"in2DMode":false,"pivot":{"x":0.39510011672973635,"y":-0.38629961013793948,"z":2.7836999893188478},"rotation":{"x":-0.15969744324684144,"y":-0.25107938051223757,"z":0.0420411117374897,"w":-0.9537788033485413},"size":40.010372161865237,"orthographic":false}