{"cameraMode":{"drawMode":0,"name":"Shaded","section":"Shading Mode"},"sceneLighting":true,"audioPlay":false,"sceneViewState":{"showFog":true,"showMaterialUpdate":false,"showSkybox":false,"showFlares":true,"showImageEffects":true,"showParticleSystems":true},"in2DMode":false,"pivot":{"x":2.26785945892334,"y":7.1245622634887699,"z":-31.656024932861329},"rotation":{"x":0.11482544988393784,"y":0.34961333870887759,"z":-0.043220363557338718,"w":0.9288274645805359},"size":17.551315307617189,"orthographic":false}