{"cameraMode":{"drawMode":0,"name":"Shaded","section":"Shading Mode"},"sceneLighting":true,"audioPlay":false,"sceneViewState":{"showFog":true,"showMaterialUpdate":false,"showSkybox":false,"showFlares":true,"showImageEffects":true,"showParticleSystems":true},"in2DMode":false,"pivot":{"x":0.39510011672973635,"y":-0.38629961013793948,"z":2.7836999893188478},"rotation":{"x":0.22706131637096406,"y":-0.5440056920051575,"z":0.1558440923690796,"w":0.792616605758667},"size":40.010372161865237,"orthographic":false}